index_x,Date,Close,index_y,Dividend,Adj Price
0,2019-12-30,324.4695129394531,0,0.0,324.4695129394531
1,2019-12-31,323.83331298828125,1,0.0,323.83331298828125
2,2020-01-02,331.34857177734375,2,0.0,331.34857177734375
3,2020-01-03,330.7919006347656,3,0.0,330.7919006347656
4,2020-01-06,331.7660827636719,4,0.0,331.7660827636719
5,2020-01-07,335.28515625,5,0.0,335.28515625
6,2020-01-08,329.41009521484375,6,0.0,329.41009521484375
7,2020-01-09,334.3507080078125,7,0.0,334.3507080078125
8,2020-01-10,327.96868896484375,8,0.0,327.96868896484375
9,2020-01-13,328.26690673828125,9,0.0,328.26690673828125
10,2020-01-14,330.3843078613281,10,0.0,330.3843078613281
11,2020-01-15,327.8493957519531,11,0.0,327.8493957519531
12,2020-01-16,330.036376953125,12,0.0,330.036376953125
13,2020-01-17,322.2328186035156,13,0.0,322.2328186035156
14,2020-01-21,311.5165710449219,14,0.0,311.5165710449219
15,2020-01-22,307.17242431640625,15,0.0,307.17242431640625
16,2020-01-23,315.9104309082031,16,0.0,315.9104309082031
17,2020-01-24,321.1393127441406,17,0.0,321.1393127441406
18,2020-01-27,314.72747802734375,18,0.0,314.72747802734375
19,2020-01-28,314.6877136230469,19,0.0,314.6877136230469
20,2020-01-29,320.1153869628906,20,0.0,320.1153869628906
21,2020-01-30,321.3878173828125,21,0.0,321.3878173828125
22,2020-01-31,316.3875732421875,22,0.0,316.3875732421875
23,2020-02-03,314.1310119628906,23,0.0,314.1310119628906
24,2020-02-04,316.0595397949219,24,0.0,316.0595397949219
25,2020-02-05,327.6008605957031,25,0.0,327.6008605957031
26,2020-02-06,339.4106140136719,26,0.0,339.4106140136719
27,2020-02-07,334.75830078125,27,0.0,334.75830078125
28,2020-02-10,342.6314697265625,28,0.0,342.6314697265625
29,2020-02-11,342.3829345703125,29,0.0,342.3829345703125
30,2020-02-12,345.39501953125,30,0.0,345.39501953125
31,2020-02-13,342.82000732421875,31,2.055,344.87500732421876
32,2020-02-14,340.489990234375,32,0.0,340.489990234375
33,2020-02-18,338.8800048828125,33,0.0,338.8800048828125
34,2020-02-19,338.29998779296875,34,0.0,338.29998779296875
35,2020-02-20,336.2799987792969,35,0.0,336.2799987792969
36,2020-02-21,330.3800048828125,36,0.0,330.3800048828125
37,2020-02-24,317.8999938964844,37,0.0,317.8999938964844
38,2020-02-25,304.1400146484375,38,0.0,304.1400146484375
39,2020-02-26,305.5899963378906,39,0.0,305.5899963378906
40,2020-02-27,287.760009765625,40,0.0,287.760009765625
41,2020-02-28,275.1099853515625,41,0.0,275.1099853515625
42,2020-03-02,289.2699890136719,42,0.0,289.2699890136719
43,2020-03-03,280.6199951171875,43,0.0,280.6199951171875
44,2020-03-04,283.1199951171875,44,0.0,283.1199951171875
45,2020-03-05,260.3699951171875,45,0.0,260.3699951171875
46,2020-03-06,262.3299865722656,46,0.0,262.3299865722656
47,2020-03-09,227.1699981689453,47,0.0,227.1699981689453
48,2020-03-10,231.00999450683594,48,0.0,231.00999450683594
49,2020-03-11,189.0800018310547,49,0.0,189.0800018310547
50,2020-03-12,154.83999633789062,50,0.0,154.83999633789062
51,2020-03-13,170.1999969482422,51,0.0,170.1999969482422
52,2020-03-16,129.61000061035156,52,0.0,129.61000061035156
53,2020-03-17,124.13999938964844,53,0.0,124.13999938964844
54,2020-03-18,101.88999938964844,54,0.0,101.88999938964844
55,2020-03-19,97.70999908447266,55,0.0,97.70999908447266
56,2020-03-20,95.01000213623047,56,0.0,95.01000213623047
57,2020-03-23,105.62000274658203,57,0.0,105.62000274658203
58,2020-03-24,127.68000030517578,58,0.0,127.68000030517578
59,2020-03-25,158.72999572753906,59,0.0,158.72999572753906
60,2020-03-26,180.5500030517578,60,0.0,180.5500030517578
61,2020-03-27,162.0,61,0.0,162.0
62,2020-03-30,152.27999877929688,62,0.0,152.27999877929688
63,2020-03-31,149.13999938964844,63,0.0,149.13999938964844
64,2020-04-01,130.6999969482422,64,0.0,130.6999969482422
65,2020-04-02,123.2699966430664,65,0.0,123.2699966430664
66,2020-04-03,124.5199966430664,66,0.0,124.5199966430664
67,2020-04-06,148.77000427246094,67,0.0,148.77000427246094
68,2020-04-07,141.5800018310547,68,0.0,141.5800018310547
69,2020-04-08,146.8699951171875,69,0.0,146.8699951171875
70,2020-04-09,151.83999633789062,70,0.0,151.83999633789062
71,2020-04-13,147.3300018310547,71,0.0,147.3300018310547
72,2020-04-14,141.0,72,0.0,141.0
73,2020-04-15,145.97999572753906,73,0.0,145.97999572753906
74,2020-04-16,134.24000549316406,74,0.0,134.24000549316406
75,2020-04-17,154.0,75,0.0,154.0
76,2020-04-20,143.61000061035156,76,0.0,143.61000061035156
77,2020-04-21,136.3300018310547,77,0.0,136.3300018310547
78,2020-04-22,134.97000122070312,78,0.0,134.97000122070312
79,2020-04-23,137.74000549316406,79,0.0,137.74000549316406
80,2020-04-24,128.97999572753906,80,0.0,128.97999572753906
81,2020-04-27,128.67999267578125,81,0.0,128.67999267578125
82,2020-04-28,131.3000030517578,82,0.0,131.3000030517578
83,2020-04-29,139.0,83,0.0,139.0
84,2020-04-30,141.02000427246094,84,0.0,141.02000427246094
85,2020-05-01,133.3699951171875,85,0.0,133.3699951171875
86,2020-05-04,131.4600067138672,86,0.0,131.4600067138672
87,2020-05-05,125.4000015258789,87,0.0,125.4000015258789
88,2020-05-06,121.86000061035156,88,0.0,121.86000061035156
89,2020-05-07,128.64999389648438,89,0.0,128.64999389648438
90,2020-05-08,133.44000244140625,90,0.0,133.44000244140625
91,2020-05-11,128.91000366210938,91,0.0,128.91000366210938
92,2020-05-12,125.22000122070312,92,0.0,125.22000122070312
93,2020-05-13,121.5,93,0.0,121.5
94,2020-05-14,122.5199966430664,94,0.0,122.5199966430664
95,2020-05-15,120.0,95,0.0,120.0
96,2020-05-18,135.44000244140625,96,0.0,135.44000244140625
97,2020-05-19,130.44000244140625,97,0.0,130.44000244140625
98,2020-05-20,133.32000732421875,98,0.0,133.32000732421875
99,2020-05-21,139.0,99,0.0,139.0
100,2020-05-22,137.52999877929688,100,0.0,137.52999877929688
101,2020-05-26,144.72999572753906,101,0.0,144.72999572753906
102,2020-05-27,149.52000427246094,102,0.0,149.52000427246094
103,2020-05-28,149.82000732421875,103,0.0,149.82000732421875
104,2020-05-29,145.85000610351562,104,0.0,145.85000610351562
105,2020-06-01,151.38999938964844,105,0.0,151.38999938964844
106,2020-06-02,153.30999755859375,106,0.0,153.30999755859375
107,2020-06-03,173.16000366210938,107,0.0,173.16000366210938
108,2020-06-04,184.3000030517578,108,0.0,184.3000030517578
109,2020-06-05,205.42999267578125,109,0.0,205.42999267578125
110,2020-06-08,230.5,110,0.0,230.5
111,2020-06-09,216.74000549316406,111,0.0,216.74000549316406
112,2020-06-10,203.41000366210938,112,0.0,203.41000366210938
113,2020-06-11,170.0,113,0.0,170.0
114,2020-06-12,189.50999450683594,114,0.0,189.50999450683594
115,2020-06-15,190.94000244140625,115,0.0,190.94000244140625
116,2020-06-16,197.77000427246094,116,0.0,197.77000427246094
117,2020-06-17,192.5399932861328,117,0.0,192.5399932861328
118,2020-06-18,192.2899932861328,118,0.0,192.2899932861328
119,2020-06-19,187.02000427246094,119,0.0,187.02000427246094
120,2020-06-22,188.52000427246094,120,0.0,188.52000427246094
121,2020-06-23,187.8800048828125,121,0.0,187.8800048828125
122,2020-06-24,176.69000244140625,122,0.0,176.69000244140625
123,2020-06-25,174.8800048828125,123,0.0,174.8800048828125
124,2020-06-26,170.00999450683594,124,0.0,170.00999450683594
125,2020-06-29,194.49000549316406,125,0.0,194.49000549316406
126,2020-06-30,183.3000030517578,126,0.0,183.3000030517578
127,2020-07-01,180.32000732421875,127,0.0,180.32000732421875
128,2020-07-02,180.80999755859375,128,0.0,180.80999755859375
129,2020-07-06,187.91000366210938,129,0.0,187.91000366210938
130,2020-07-07,178.8800048828125,130,0.0,178.8800048828125
131,2020-07-08,180.0800018310547,131,0.0,180.0800018310547
132,2020-07-09,173.27999877929688,132,0.0,173.27999877929688
133,2020-07-10,178.44000244140625,133,0.0,178.44000244140625
134,2020-07-13,175.64999389648438,134,0.0,175.64999389648438
135,2020-07-14,179.9600067138672,135,0.0,179.9600067138672
136,2020-07-15,187.94000244140625,136,0.0,187.94000244140625
137,2020-07-16,178.6999969482422,137,0.0,178.6999969482422
138,2020-07-17,175.66000366210938,138,0.0,175.66000366210938
139,2020-07-20,174.4199981689453,139,0.0,174.4199981689453
140,2020-07-21,178.6300048828125,140,0.0,178.6300048828125
141,2020-07-22,179.7899932861328,141,0.0,179.7899932861328
142,2020-07-23,176.4499969482422,142,0.0,176.4499969482422
143,2020-07-24,173.75999450683594,143,0.0,173.75999450683594
144,2020-07-27,170.2100067138672,144,0.0,170.2100067138672
145,2020-07-28,170.83999633789062,145,0.0,170.83999633789062
146,2020-07-29,166.00999450683594,146,0.0,166.00999450683594
147,2020-07-30,161.9499969482422,147,0.0,161.9499969482422
148,2020-07-31,158.0,148,0.0,158.0
149,2020-08-03,162.27000427246094,149,0.0,162.27000427246094
150,2020-08-04,165.07000732421875,150,0.0,165.07000732421875
151,2020-08-05,174.27999877929688,151,0.0,174.27999877929688
152,2020-08-06,172.1999969482422,152,0.0,172.1999969482422
153,2020-08-07,170.02000427246094,153,0.0,170.02000427246094
154,2020-08-10,179.41000366210938,154,0.0,179.41000366210938
155,2020-08-11,180.1300048828125,155,0.0,180.1300048828125
156,2020-08-12,175.44000244140625,156,0.0,175.44000244140625
157,2020-08-13,174.72999572753906,157,0.0,174.72999572753906
158,2020-08-14,178.0800018310547,158,0.0,178.0800018310547
159,2020-08-17,172.00999450683594,159,0.0,172.00999450683594
160,2020-08-18,170.22999572753906,160,0.0,170.22999572753906
161,2020-08-19,169.27000427246094,161,0.0,169.27000427246094
162,2020-08-20,169.5800018310547,162,0.0,169.5800018310547
163,2020-08-21,167.5,163,0.0,167.5
164,2020-08-24,178.27000427246094,164,0.0,178.27000427246094
165,2020-08-25,174.72999572753906,165,0.0,174.72999572753906
166,2020-08-26,171.89999389648438,166,0.0,171.89999389648438
167,2020-08-27,174.1999969482422,167,0.0,174.1999969482422
168,2020-08-28,175.8000030517578,168,0.0,175.8000030517578
169,2020-08-31,171.82000732421875,169,0.0,171.82000732421875
170,2020-09-01,172.10000610351562,170,0.0,172.10000610351562
171,2020-09-02,174.77999877929688,171,0.0,174.77999877929688
172,2020-09-03,168.77000427246094,172,0.0,168.77000427246094
173,2020-09-04,171.0500030517578,173,0.0,171.0500030517578
174,2020-09-08,161.0800018310547,174,0.0,161.0800018310547
175,2020-09-09,160.77999877929688,175,0.0,160.77999877929688
176,2020-09-10,157.69000244140625,176,0.0,157.69000244140625
177,2020-09-11,160.22999572753906,177,0.0,160.22999572753906
178,2020-09-14,165.35000610351562,178,0.0,165.35000610351562
179,2020-09-15,163.49000549316406,179,0.0,163.49000549316406
180,2020-09-16,167.4600067138672,180,0.0,167.4600067138672
181,2020-09-17,167.52999877929688,181,0.0,167.52999877929688
182,2020-09-18,161.13999938964844,182,0.0,161.13999938964844
183,2020-09-21,156.35000610351562,183,0.0,156.35000610351562
184,2020-09-22,156.8000030517578,184,0.0,156.8000030517578
185,2020-09-23,151.17999267578125,185,0.0,151.17999267578125
186,2020-09-24,146.0500030517578,186,0.0,146.0500030517578
187,2020-09-25,156.02999877929688,187,0.0,156.02999877929688
188,2020-09-28,166.0800018310547,188,0.0,166.0800018310547
189,2020-09-29,163.60000610351562,189,0.0,163.60000610351562
190,2020-09-30,165.25999450683594,190,0.0,165.25999450683594
191,2020-10-01,167.86000061035156,191,0.0,167.86000061035156
192,2020-10-02,168.0800018310547,192,0.0,168.0800018310547
193,2020-10-05,171.1999969482422,193,0.0,171.1999969482422
194,2020-10-06,159.5399932861328,194,0.0,159.5399932861328
195,2020-10-07,164.61000061035156,195,0.0,164.61000061035156
196,2020-10-08,168.0,196,0.0,168.0
197,2020-10-09,167.3300018310547,197,0.0,167.3300018310547
198,2020-10-12,167.35000610351562,198,0.0,167.35000610351562
199,2020-10-13,162.13999938964844,199,0.0,162.13999938964844
200,2020-10-14,163.24000549316406,200,0.0,163.24000549316406
201,2020-10-15,164.24000549316406,201,0.0,164.24000549316406
202,2020-10-16,167.35000610351562,202,0.0,167.35000610351562
203,2020-10-19,167.11000061035156,203,0.0,167.11000061035156
204,2020-10-20,167.24000549316406,204,0.0,167.24000549316406
205,2020-10-21,163.86000061035156,205,0.0,163.86000061035156
206,2020-10-22,169.07000732421875,206,0.0,169.07000732421875
207,2020-10-23,167.36000061035156,207,0.0,167.36000061035156
208,2020-10-26,160.8300018310547,208,0.0,160.8300018310547
209,2020-10-27,155.24000549316406,209,0.0,155.24000549316406
210,2020-10-28,148.13999938964844,210,0.0,148.13999938964844
211,2020-10-29,148.2899932861328,211,0.0,148.2899932861328
212,2020-10-30,144.38999938964844,212,0.0,144.38999938964844
213,2020-11-02,148.60000610351562,213,0.0,148.60000610351562
214,2020-11-03,153.64999389648438,214,0.0,153.64999389648438
215,2020-11-04,151.6300048828125,215,0.0,151.6300048828125
216,2020-11-05,157.08999633789062,216,0.0,157.08999633789062
217,2020-11-06,157.74000549316406,217,0.0,157.74000549316406
218,2020-11-09,179.36000061035156,218,0.0,179.36000061035156
219,2020-11-10,188.69000244140625,219,0.0,188.69000244140625
220,2020-11-11,182.14999389648438,220,0.0,182.14999389648438
221,2020-11-12,176.72000122070312,221,0.0,176.72000122070312
222,2020-11-13,187.11000061035156,222,0.0,187.11000061035156
223,2020-11-16,202.39999389648438,223,0.0,202.39999389648438
224,2020-11-17,210.0500030517578,224,0.0,210.0500030517578
225,2020-11-18,203.3000030517578,225,0.0,203.3000030517578
226,2020-11-19,205.6699981689453,226,0.0,205.6699981689453
227,2020-11-20,199.6199951171875,227,0.0,199.6199951171875
228,2020-11-23,211.52999877929688,228,0.0,211.52999877929688
229,2020-11-24,218.49000549316406,229,0.0,218.49000549316406
230,2020-11-25,217.61000061035156,230,0.0,217.61000061035156
231,2020-11-27,216.5,231,0.0,216.5
232,2020-11-30,210.7100067138672,232,0.0,210.7100067138672
233,2020-12-01,213.00999450683594,233,0.0,213.00999450683594
234,2020-12-02,223.85000610351562,234,0.0,223.85000610351562
235,2020-12-03,237.1999969482422,235,0.0,237.1999969482422
236,2020-12-04,232.7100067138672,236,0.0,232.7100067138672
237,2020-12-07,238.1699981689453,237,0.0,238.1699981689453
238,2020-12-08,236.57000732421875,238,0.0,236.57000732421875
239,2020-12-09,232.05999755859375,239,0.0,232.05999755859375
240,2020-12-10,234.42999267578125,240,0.0,234.42999267578125
241,2020-12-11,230.3300018310547,241,0.0,230.3300018310547
242,2020-12-14,228.6199951171875,242,0.0,228.6199951171875
243,2020-12-15,229.5,243,0.0,229.5
244,2020-12-16,225.8699951171875,244,0.0,225.8699951171875
245,2020-12-17,221.24000549316406,245,0.0,221.24000549316406
246,2020-12-18,219.75,246,0.0,219.75
247,2020-12-21,219.30999755859375,247,0.0,219.30999755859375
248,2020-12-22,218.77999877929688,248,0.0,218.77999877929688
249,2020-12-23,219.69000244140625,249,0.0,219.69000244140625
250,2020-12-24,217.14999389648438,250,0.0,217.14999389648438
251,2020-12-28,216.08999633789062,251,0.0,216.08999633789062
252,2020-12-29,216.25,252,0.0,216.25
253,2020-12-30,216.6699981689453,253,0.0,216.6699981689453
254,2020-12-31,214.05999755859375,254,0.0,214.05999755859375
255,2021-01-04,202.72000122070312,255,0.0,202.72000122070312
256,2021-01-05,211.6300048828125,256,0.0,211.6300048828125
257,2021-01-06,211.02999877929688,257,0.0,211.02999877929688
258,2021-01-07,212.7100067138672,258,0.0,212.7100067138672
259,2021-01-08,209.89999389648438,259,0.0,209.89999389648438
260,2021-01-11,206.7899932861328,260,0.0,206.7899932861328
261,2021-01-12,208.41000366210938,261,0.0,208.41000366210938
262,2021-01-13,207.2100067138672,262,0.0,207.2100067138672
263,2021-01-14,209.91000366210938,263,0.0,209.91000366210938
264,2021-01-15,204.32000732421875,264,0.0,204.32000732421875
265,2021-01-19,210.7100067138672,265,0.0,210.7100067138672
266,2021-01-20,211.4499969482422,266,0.0,211.4499969482422
267,2021-01-21,207.41000366210938,267,0.0,207.41000366210938
268,2021-01-22,205.83999633789062,268,0.0,205.83999633789062
269,2021-01-25,203.36000061035156,269,0.0,203.36000061035156
270,2021-01-26,202.05999755859375,270,0.0,202.05999755859375
271,2021-01-27,194.02999877929688,271,0.0,194.02999877929688
272,2021-01-28,197.22999572753906,272,0.0,197.22999572753906
273,2021-01-29,194.19000244140625,273,0.0,194.19000244140625
274,2021-02-01,195.83999633789062,274,0.0,195.83999633789062
275,2021-02-02,200.94000244140625,275,0.0,200.94000244140625
276,2021-02-03,207.38999938964844,276,0.0,207.38999938964844
277,2021-02-04,210.63999938964844,277,0.0,210.63999938964844
278,2021-02-05,207.92999267578125,278,0.0,207.92999267578125
279,2021-02-08,211.9499969482422,279,0.0,211.9499969482422
280,2021-02-09,215.1199951171875,280,0.0,215.1199951171875
281,2021-02-10,211.9199981689453,281,0.0,211.9199981689453
282,2021-02-11,210.66000366210938,282,0.0,210.66000366210938
283,2021-02-12,210.97999572753906,283,0.0,210.97999572753906
284,2021-02-16,217.17999267578125,284,0.0,217.17999267578125
285,2021-02-17,215.52000427246094,285,0.0,215.52000427246094
286,2021-02-18,208.47999572753906,286,0.0,208.47999572753906
287,2021-02-19,217.47000122070312,287,0.0,217.47000122070312
288,2021-02-22,212.8800048828125,288,0.0,212.8800048828125
289,2021-02-23,212.1199951171875,289,0.0,212.1199951171875
290,2021-02-24,229.33999633789062,290,0.0,229.33999633789062
291,2021-02-25,216.4499969482422,291,0.0,216.4499969482422
292,2021-02-26,212.00999450683594,292,0.0,212.00999450683594
293,2021-03-01,224.38999938964844,293,0.0,224.38999938964844
294,2021-03-02,223.13999938964844,294,0.0,223.13999938964844
295,2021-03-03,228.55999755859375,295,0.0,228.55999755859375
296,2021-03-04,224.7100067138672,296,0.0,224.7100067138672
297,2021-03-05,223.22000122070312,297,0.0,223.22000122070312
298,2021-03-08,224.02999877929688,298,0.0,224.02999877929688
299,2021-03-09,230.61000061035156,299,0.0,230.61000061035156
300,2021-03-10,245.33999633789062,300,0.0,245.33999633789062
301,2021-03-11,252.0,301,0.0,252.0
302,2021-03-12,269.19000244140625,302,0.0,269.19000244140625
303,2021-03-15,265.6300048828125,303,0.0,265.6300048828125
304,2021-03-16,255.2100067138672,304,0.0,255.2100067138672
305,2021-03-17,263.5899963378906,305,0.0,263.5899963378906
306,2021-03-18,256.05999755859375,306,0.0,256.05999755859375
307,2021-03-19,255.82000732421875,307,0.0,255.82000732421875
308,2021-03-22,251.22999572753906,308,0.0,251.22999572753906
309,2021-03-23,241.25,309,0.0,241.25
310,2021-03-24,239.24000549316406,310,0.0,239.24000549316406
311,2021-03-25,247.19000244140625,311,0.0,247.19000244140625
312,2021-03-26,244.8699951171875,312,0.0,244.8699951171875
313,2021-03-29,250.52000427246094,313,0.0,250.52000427246094
314,2021-03-30,252.00999450683594,314,0.0,252.00999450683594
315,2021-03-31,254.72000122070312,315,0.0,254.72000122070312
316,2021-04-01,252.9600067138672,316,0.0,252.9600067138672
317,2021-04-05,259.3599853515625,317,0.0,259.3599853515625
318,2021-04-06,255.1699981689453,318,0.0,255.1699981689453
319,2021-04-07,252.5800018310547,319,0.0,252.5800018310547
320,2021-04-08,254.9499969482422,320,0.0,254.9499969482422
321,2021-04-09,252.36000061035156,321,0.0,252.36000061035156
322,2021-04-12,249.52000427246094,322,0.0,249.52000427246094
323,2021-04-13,253.27000427246094,323,0.0,253.27000427246094
324,2021-04-14,252.42999267578125,324,0.0,252.42999267578125
325,2021-04-15,251.11000061035156,325,0.0,251.11000061035156
326,2021-04-16,248.17999267578125,326,0.0,248.17999267578125
327,2021-04-19,244.14999389648438,327,0.0,244.14999389648438
328,2021-04-20,234.05999755859375,328,0.0,234.05999755859375
329,2021-04-21,235.9199981689453,329,0.0,235.9199981689453
330,2021-04-22,234.3300018310547,330,0.0,234.3300018310547
331,2021-04-23,238.3800048828125,331,0.0,238.3800048828125
332,2021-04-26,241.44000244140625,332,0.0,241.44000244140625
333,2021-04-27,242.47000122070312,333,0.0,242.47000122070312
334,2021-04-28,235.4600067138672,334,0.0,235.4600067138672
335,2021-04-29,235.94000244140625,335,0.0,235.94000244140625
336,2021-04-30,234.30999755859375,336,0.0,234.30999755859375
337,2021-05-03,235.19000244140625,337,0.0,235.19000244140625
338,2021-05-04,233.6300048828125,338,0.0,233.6300048828125
339,2021-05-05,228.17999267578125,339,0.0,228.17999267578125
340,2021-05-06,229.80999755859375,340,0.0,229.80999755859375
341,2021-05-07,235.47000122070312,341,0.0,235.47000122070312
342,2021-05-10,232.92999267578125,342,0.0,232.92999267578125
343,2021-05-11,228.8800048828125,343,0.0,228.8800048828125
344,2021-05-12,220.77999877929688,344,0.0,220.77999877929688
345,2021-05-13,222.63999938964844,345,0.0,222.63999938964844
346,2021-05-14,228.47000122070312,346,0.0,228.47000122070312
347,2021-05-17,227.97999572753906,347,0.0,227.97999572753906
348,2021-05-18,227.5500030517578,348,0.0,227.5500030517578
349,2021-05-19,224.4199981689453,349,0.0,224.4199981689453
350,2021-05-20,227.64999389648438,350,0.0,227.64999389648438
351,2021-05-21,234.82000732421875,351,0.0,234.82000732421875
352,2021-05-24,237.44000244140625,352,0.0,237.44000244140625
353,2021-05-25,240.74000549316406,353,0.0,240.74000549316406
354,2021-05-26,241.3699951171875,354,0.0,241.3699951171875
355,2021-05-27,250.6999969482422,355,0.0,250.6999969482422
356,2021-05-28,247.02000427246094,356,0.0,247.02000427246094
357,2021-06-01,254.72999572753906,357,0.0,254.72999572753906
358,2021-06-02,255.6199951171875,358,0.0,255.6199951171875
359,2021-06-03,250.32000732421875,359,0.0,250.32000732421875
360,2021-06-04,249.9199981689453,360,0.0,249.9199981689453
361,2021-06-07,252.66000366210938,361,0.0,252.66000366210938
362,2021-06-08,252.75999450683594,362,0.0,252.75999450683594
363,2021-06-09,248.05999755859375,363,0.0,248.05999755859375
364,2021-06-10,248.33999633789062,364,0.0,248.33999633789062
365,2021-06-11,247.27999877929688,365,0.0,247.27999877929688
366,2021-06-14,245.13999938964844,366,0.0,245.13999938964844
367,2021-06-15,246.5399932861328,367,0.0,246.5399932861328
368,2021-06-16,242.27000427246094,368,0.0,242.27000427246094
369,2021-06-17,239.22000122070312,369,0.0,239.22000122070312
370,2021-06-18,237.35000610351562,370,0.0,237.35000610351562
371,2021-06-21,245.27999877929688,371,0.0,245.27999877929688
372,2021-06-22,243.77999877929688,372,0.0,243.77999877929688
373,2021-06-23,243.57000732421875,373,0.0,243.57000732421875
374,2021-06-24,250.57000732421875,374,0.0,250.57000732421875
375,2021-06-25,248.3800048828125,375,0.0,248.3800048828125
376,2021-06-28,239.9600067138672,376,0.0,239.9600067138672
377,2021-06-29,235.75999450683594,377,0.0,235.75999450683594
378,2021-06-30,239.55999755859375,378,0.0,239.55999755859375
379,2021-07-01,239.72999572753906,379,0.0,239.72999572753906
380,2021-07-02,236.67999267578125,380,0.0,236.67999267578125
381,2021-07-06,236.13999938964844,381,0.0,236.13999938964844
382,2021-07-07,231.77999877929688,382,0.0,231.77999877929688
383,2021-07-08,236.77000427246094,383,0.0,236.77000427246094
384,2021-07-09,239.58999633789062,384,0.0,239.58999633789062
385,2021-07-12,238.2899932861328,385,0.0,238.2899932861328
386,2021-07-13,228.1999969482422,386,0.0,228.1999969482422
387,2021-07-14,224.4499969482422,387,0.0,224.4499969482422
388,2021-07-15,222.75999450683594,388,0.0,222.75999450683594
389,2021-07-16,217.74000549316406,389,0.0,217.74000549316406
390,2021-07-19,206.99000549316406,390,0.0,206.99000549316406
391,2021-07-20,217.14999389648438,391,0.0,217.14999389648438
392,2021-07-21,222.5399932861328,392,0.0,222.5399932861328
393,2021-07-22,220.8699951171875,393,0.0,220.8699951171875
394,2021-07-23,221.52000427246094,394,0.0,221.52000427246094
395,2021-07-26,225.85000610351562,395,0.0,225.85000610351562
396,2021-07-27,222.27000427246094,396,0.0,222.27000427246094
397,2021-07-28,231.57000732421875,397,0.0,231.57000732421875
398,2021-07-29,231.6300048828125,398,0.0,231.6300048828125
399,2021-07-30,226.47999572753906,399,0.0,226.47999572753906
400,2021-08-02,225.33999633789062,400,0.0,225.33999633789062
401,2021-08-03,229.08999633789062,401,0.0,229.08999633789062
402,2021-08-04,226.6300048828125,402,0.0,226.6300048828125
403,2021-08-05,229.94000244140625,403,0.0,229.94000244140625
404,2021-08-06,231.3300018310547,404,0.0,231.3300018310547
405,2021-08-09,232.27000427246094,405,0.0,232.27000427246094
406,2021-08-10,235.77999877929688,406,0.0,235.77999877929688
407,2021-08-11,239.49000549316406,407,0.0,239.49000549316406
408,2021-08-12,238.17999267578125,408,0.0,238.17999267578125
409,2021-08-13,234.4600067138672,409,0.0,234.4600067138672
410,2021-08-16,229.05999755859375,410,0.0,229.05999755859375
411,2021-08-17,222.22000122070312,411,0.0,222.22000122070312
412,2021-08-18,219.0,412,0.0,219.0
413,2021-08-19,212.16000366210938,413,0.0,212.16000366210938
414,2021-08-20,212.6699981689453,414,0.0,212.6699981689453
415,2021-08-23,219.39999389648438,415,0.0,219.39999389648438
416,2021-08-24,221.42999267578125,416,0.0,221.42999267578125
417,2021-08-25,221.02999877929688,417,0.0,221.02999877929688
418,2021-08-26,216.5,418,0.0,216.5
419,2021-08-27,221.75,419,0.0,221.75
420,2021-08-30,217.66000366210938,420,0.0,217.66000366210938
421,2021-08-31,219.5,421,0.0,219.5
422,2021-09-01,218.1199951171875,422,0.0,218.1199951171875
423,2021-09-02,220.8300018310547,423,0.0,220.8300018310547
424,2021-09-03,218.1699981689453,424,0.0,218.1699981689453
425,2021-09-07,214.24000549316406,425,0.0,214.24000549316406
426,2021-09-08,211.3800048828125,426,0.0,211.3800048828125
427,2021-09-09,213.94000244140625,427,0.0,213.94000244140625
428,2021-09-10,210.3000030517578,428,0.0,210.3000030517578
429,2021-09-13,214.47999572753906,429,0.0,214.47999572753906
430,2021-09-14,211.57000732421875,430,0.0,211.57000732421875
431,2021-09-15,214.22000122070312,431,0.0,214.22000122070312
432,2021-09-16,213.36000061035156,432,0.0,213.36000061035156
433,2021-09-17,213.36000061035156,433,0.0,213.36000061035156
434,2021-09-20,209.5,434,0.0,209.5
435,2021-09-21,208.50999450683594,435,0.0,208.50999450683594
436,2021-09-22,216.97999572753906,436,0.0,216.97999572753906
437,2021-09-23,221.10000610351562,437,0.0,221.10000610351562
438,2021-09-24,221.38999938964844,438,0.0,221.38999938964844
439,2021-09-27,224.16000366210938,439,0.0,224.16000366210938
440,2021-09-28,218.41000366210938,440,0.0,218.41000366210938
441,2021-09-29,225.36000061035156,441,0.0,225.36000061035156
442,2021-09-30,219.94000244140625,442,0.0,219.94000244140625
443,2021-10-01,226.0,443,0.0,226.0
444,2021-10-04,223.7899932861328,444,0.0,223.7899932861328
445,2021-10-05,224.4199981689453,445,0.0,224.4199981689453
446,2021-10-06,224.99000549316406,446,0.0,224.99000549316406
447,2021-10-07,226.47999572753906,447,0.0,226.47999572753906
448,2021-10-08,226.38999938964844,448,0.0,226.38999938964844
449,2021-10-11,226.4499969482422,449,0.0,226.4499969482422
450,2021-10-12,223.57000732421875,450,0.0,223.57000732421875
451,2021-10-13,221.77999877929688,451,0.0,221.77999877929688
452,2021-10-14,217.44000244140625,452,0.0,217.44000244140625
453,2021-10-15,217.0399932861328,453,0.0,217.0399932861328
454,2021-10-18,216.97999572753906,454,0.0,216.97999572753906
455,2021-10-19,215.97000122070312,455,0.0,215.97000122070312
456,2021-10-20,216.1699981689453,456,0.0,216.1699981689453
457,2021-10-21,214.33999633789062,457,0.0,214.33999633789062
458,2021-10-22,212.97000122070312,458,0.0,212.97000122070312
459,2021-10-25,212.8699951171875,459,0.0,212.8699951171875
460,2021-10-26,209.80999755859375,460,0.0,209.80999755859375
461,2021-10-27,206.61000061035156,461,0.0,206.61000061035156
462,2021-10-28,207.85000610351562,462,0.0,207.85000610351562
463,2021-10-29,207.02999877929688,463,0.0,207.02999877929688
464,2021-11-01,214.5800018310547,464,0.0,214.5800018310547
465,2021-11-02,212.77000427246094,465,0.0,212.77000427246094
466,2021-11-03,213.3800048828125,466,0.0,213.3800048828125
467,2021-11-04,213.02999877929688,467,0.0,213.02999877929688
468,2021-11-05,224.4600067138672,468,0.0,224.4600067138672
469,2021-11-08,222.67999267578125,469,0.0,222.67999267578125
470,2021-11-09,220.7899932861328,470,0.0,220.7899932861328
471,2021-11-10,218.5,471,0.0,218.5
472,2021-11-11,219.3800048828125,472,0.0,219.3800048828125
473,2021-11-12,220.9600067138672,473,0.0,220.9600067138672
474,2021-11-15,233.08999633789062,474,0.0,233.08999633789062
475,2021-11-16,225.8000030517578,475,0.0,225.8000030517578
476,2021-11-17,226.6199951171875,476,0.0,226.6199951171875
477,2021-11-18,227.25,477,0.0,227.25
478,2021-11-19,214.1300048828125,478,0.0,214.1300048828125
479,2021-11-22,209.89999389648438,479,0.0,209.89999389648438
480,2021-11-23,209.1300048828125,480,0.0,209.1300048828125
481,2021-11-24,210.60000610351562,481,0.0,210.60000610351562
482,2021-11-26,199.2100067138672,482,0.0,199.2100067138672
483,2021-11-29,198.5,483,0.0,198.5
484,2021-11-30,197.85000610351562,484,0.0,197.85000610351562
485,2021-12-01,188.19000244140625,485,0.0,188.19000244140625
486,2021-12-02,202.3800048828125,486,0.0,202.3800048828125
487,2021-12-03,198.49000549316406,487,0.0,198.49000549316406
488,2021-12-06,205.8800048828125,488,0.0,205.8800048828125
489,2021-12-07,208.8300018310547,489,0.0,208.8300018310547
490,2021-12-08,211.02999877929688,490,0.0,211.02999877929688
491,2021-12-09,207.55999755859375,491,0.0,207.55999755859375
492,2021-12-10,205.05999755859375,492,0.0,205.05999755859375
493,2021-12-13,197.39999389648438,493,0.0,197.39999389648438
494,2021-12-14,195.5,494,0.0,195.5
495,2021-12-15,195.42999267578125,495,0.0,195.42999267578125
496,2021-12-16,190.7899932861328,496,0.0,190.7899932861328
497,2021-12-17,192.6300048828125,497,0.0,192.6300048828125
498,2021-12-20,188.47999572753906,498,0.0,188.47999572753906
499,2021-12-21,199.52000427246094,499,0.0,199.52000427246094
500,2021-12-22,201.69000244140625,500,0.0,201.69000244140625
501,2021-12-23,204.22000122070312,501,0.0,204.22000122070312
502,2021-12-27,203.1699981689453,502,0.0,203.1699981689453
503,2021-12-28,206.1300048828125,503,0.0,206.1300048828125
504,2021-12-29,203.66000366210938,504,0.0,203.66000366210938
505,2021-12-30,202.7100067138672,505,0.0,202.7100067138672
506,2021-12-31,201.32000732421875,506,0.0,201.32000732421875
507,2022-01-03,207.86000061035156,507,0.0,207.86000061035156
508,2022-01-04,213.6300048828125,508,0.0,213.6300048828125
509,2022-01-05,213.07000732421875,509,0.0,213.07000732421875
510,2022-01-06,211.33999633789062,510,0.0,211.33999633789062
511,2022-01-07,215.5,511,0.0,215.5
512,2022-01-10,209.30999755859375,512,0.0,209.30999755859375
513,2022-01-11,216.02000427246094,513,0.0,216.02000427246094
514,2022-01-12,217.4499969482422,514,0.0,217.4499969482422
515,2022-01-13,223.89999389648438,515,0.0,223.89999389648438
516,2022-01-14,225.9600067138672,516,0.0,225.9600067138672
517,2022-01-18,225.00999450683594,517,0.0,225.00999450683594
518,2022-01-19,217.0800018310547,518,0.0,217.0800018310547
519,2022-01-20,214.19000244140625,519,0.0,214.19000244140625
520,2022-01-21,205.44000244140625,520,0.0,205.44000244140625
521,2022-01-24,204.1999969482422,521,0.0,204.1999969482422
522,2022-01-25,204.10000610351562,522,0.0,204.10000610351562
523,2022-01-26,194.27000427246094,523,0.0,194.27000427246094
524,2022-01-27,189.75,524,0.0,189.75
525,2022-01-28,190.57000732421875,525,0.0,190.57000732421875
526,2022-01-31,200.24000549316406,526,0.0,200.24000549316406
527,2022-02-01,208.33999633789062,527,0.0,208.33999633789062
528,2022-02-02,207.52000427246094,528,0.0,207.52000427246094
529,2022-02-03,206.38999938964844,529,0.0,206.38999938964844
530,2022-02-04,206.4499969482422,530,0.0,206.4499969482422
531,2022-02-07,211.9199981689453,531,0.0,211.9199981689453
532,2022-02-08,213.27000427246094,532,0.0,213.27000427246094
533,2022-02-09,215.86000061035156,533,0.0,215.86000061035156
534,2022-02-10,218.75,534,0.0,218.75
535,2022-02-11,212.3000030517578,535,0.0,212.3000030517578
536,2022-02-14,210.0399932861328,536,0.0,210.0399932861328
537,2022-02-15,217.72999572753906,537,0.0,217.72999572753906
538,2022-02-16,218.92999267578125,538,0.0,218.92999267578125
539,2022-02-17,213.5800018310547,539,0.0,213.5800018310547
540,2022-02-18,209.02999877929688,540,0.0,209.02999877929688
541,2022-02-22,198.74000549316406,541,0.0,198.74000549316406
542,2022-02-23,196.4199981689453,542,0.0,196.4199981689453
543,2022-02-24,198.42999267578125,543,0.0,198.42999267578125
544,2022-02-25,201.47999572753906,544,0.0,201.47999572753906
545,2022-02-28,205.33999633789062,545,0.0,205.33999633789062
546,2022-03-01,194.91000366210938,546,0.0,194.91000366210938
547,2022-03-02,197.80999755859375,547,0.0,197.80999755859375
548,2022-03-03,188.85000610351562,548,0.0,188.85000610351562
549,2022-03-04,180.83999633789062,549,0.0,180.83999633789062
550,2022-03-07,169.1699981689453,550,0.0,169.1699981689453
551,2022-03-08,173.8000030517578,551,0.0,173.8000030517578
552,2022-03-09,178.55999755859375,552,0.0,178.55999755859375
553,2022-03-10,178.38999938964844,553,0.0,178.38999938964844
554,2022-03-11,176.22999572753906,554,0.0,176.22999572753906
555,2022-03-14,175.52000427246094,555,0.0,175.52000427246094
556,2022-03-15,179.88999938964844,556,0.0,179.88999938964844
557,2022-03-16,188.99000549316406,557,0.0,188.99000549316406
558,2022-03-17,190.19000244140625,558,0.0,190.19000244140625
559,2022-03-18,192.8300018310547,559,0.0,192.8300018310547
560,2022-03-21,185.89999389648438,560,0.0,185.89999389648438
561,2022-03-22,191.0399932861328,561,0.0,191.0399932861328
562,2022-03-23,186.0399932861328,562,0.0,186.0399932861328
563,2022-03-24,189.0500030517578,563,0.0,189.0500030517578
564,2022-03-25,188.9499969482422,564,0.0,188.9499969482422
565,2022-03-28,188.16000366210938,565,0.0,188.16000366210938
566,2022-03-29,193.8000030517578,566,0.0,193.8000030517578
567,2022-03-30,194.91000366210938,567,0.0,194.91000366210938
568,2022-03-31,191.5,568,0.0,191.5
569,2022-04-01,190.75999450683594,569,0.0,190.75999450683594
570,2022-04-04,191.17999267578125,570,0.0,191.17999267578125
571,2022-04-05,182.64999389648438,571,0.0,182.64999389648438
572,2022-04-06,178.72000122070312,572,0.0,178.72000122070312
573,2022-04-07,177.97000122070312,573,0.0,177.97000122070312
574,2022-04-08,175.1999969482422,574,0.0,175.1999969482422
575,2022-04-11,175.02999877929688,575,0.0,175.02999877929688
576,2022-04-12,176.27999877929688,576,0.0,176.27999877929688
577,2022-04-13,182.8699951171875,577,0.0,182.8699951171875
578,2022-04-14,181.94000244140625,578,0.0,181.94000244140625
579,2022-04-18,179.85000610351562,579,0.0,179.85000610351562
580,2022-04-19,185.97999572753906,580,0.0,185.97999572753906
581,2022-04-20,183.5500030517578,581,0.0,183.5500030517578
582,2022-04-21,181.02000427246094,582,0.0,181.02000427246094
583,2022-04-22,176.9199981689453,583,0.0,176.9199981689453
584,2022-04-25,175.91000366210938,584,0.0,175.91000366210938
585,2022-04-26,167.0399932861328,585,0.0,167.0399932861328
586,2022-04-27,154.4600067138672,586,0.0,154.4600067138672
587,2022-04-28,154.22000122070312,587,0.0,154.22000122070312
588,2022-04-29,148.83999633789062,588,0.0,148.83999633789062
589,2022-05-02,148.61000061035156,589,0.0,148.61000061035156
590,2022-05-03,153.5800018310547,590,0.0,153.5800018310547
591,2022-05-04,156.97000122070312,591,0.0,156.97000122070312
592,2022-05-05,150.47000122070312,592,0.0,150.47000122070312
593,2022-05-06,148.89999389648438,593,0.0,148.89999389648438
594,2022-05-09,133.30999755859375,594,0.0,133.30999755859375
595,2022-05-10,132.9499969482422,595,0.0,132.9499969482422
596,2022-05-11,129.38999938964844,596,0.0,129.38999938964844
597,2022-05-12,123.13999938964844,597,0.0,123.13999938964844
598,2022-05-13,127.19999694824219,598,0.0,127.19999694824219
599,2022-05-16,124.05000305175781,599,0.0,124.05000305175781
600,2022-05-17,132.0500030517578,600,0.0,132.0500030517578
601,2022-05-18,125.5199966430664,601,0.0,125.5199966430664
602,2022-05-19,127.13999938964844,602,0.0,127.13999938964844
603,2022-05-20,120.69999694824219,603,0.0,120.69999694824219
604,2022-05-23,124.06999969482422,604,0.0,124.06999969482422
605,2022-05-24,119.4000015258789,605,0.0,119.4000015258789
606,2022-05-25,122.05999755859375,606,0.0,122.05999755859375
607,2022-05-26,127.7300033569336,607,0.0,127.7300033569336
608,2022-05-27,132.22999572753906,608,0.0,132.22999572753906
609,2022-05-31,131.39999389648438,609,0.0,131.39999389648438
610,2022-06-01,130.64999389648438,610,0.0,130.64999389648438
611,2022-06-02,140.5,611,0.0,140.5
612,2022-06-03,139.25,612,0.0,139.25
613,2022-06-06,139.24000549316406,613,0.0,139.24000549316406
614,2022-06-07,140.82000732421875,614,0.0,140.82000732421875
615,2022-06-08,139.6300048828125,615,0.0,139.6300048828125
616,2022-06-09,133.72999572753906,616,0.0,133.72999572753906
617,2022-06-10,127.0,617,0.0,127.0
618,2022-06-13,115.86000061035156,618,0.0,115.86000061035156
619,2022-06-14,122.16000366210938,619,0.0,122.16000366210938
620,2022-06-15,133.72000122070312,620,0.0,133.72000122070312
621,2022-06-16,133.36000061035156,621,0.0,133.36000061035156
622,2022-06-17,136.8000030517578,622,0.0,136.8000030517578
623,2022-06-21,136.75,623,0.0,136.75
624,2022-06-22,137.16000366210938,624,0.0,137.16000366210938
625,2022-06-23,133.97000122070312,625,0.0,133.97000122070312
626,2022-06-24,141.52999877929688,626,0.0,141.52999877929688
627,2022-06-27,138.72000122070312,627,0.0,138.72000122070312
628,2022-06-28,138.6999969482422,628,0.0,138.6999969482422
629,2022-06-29,138.4499969482422,629,0.0,138.4499969482422
630,2022-06-30,136.72000122070312,630,0.0,136.72000122070312
631,2022-07-01,139.83999633789062,631,0.0,139.83999633789062
632,2022-07-05,137.6999969482422,632,0.0,137.6999969482422
633,2022-07-06,136.30999755859375,633,0.0,136.30999755859375
634,2022-07-07,139.97000122070312,634,0.0,139.97000122070312
635,2022-07-08,139.07000732421875,635,0.0,139.07000732421875
636,2022-07-11,136.99000549316406,636,0.0,136.99000549316406
637,2022-07-12,147.14999389648438,637,0.0,147.14999389648438
638,2022-07-13,143.9499969482422,638,0.0,143.9499969482422
639,2022-07-14,147.14999389648438,639,0.0,147.14999389648438
640,2022-07-15,147.74000549316406,640,0.0,147.74000549316406
641,2022-07-18,147.72000122070312,641,0.0,147.72000122070312
642,2022-07-19,156.1300048828125,642,0.0,156.1300048828125
643,2022-07-20,158.3800048828125,643,0.0,158.3800048828125
644,2022-07-21,161.41000366210938,644,0.0,161.41000366210938
645,2022-07-22,158.16000366210938,645,0.0,158.16000366210938
646,2022-07-25,156.63999938964844,646,0.0,156.63999938964844
647,2022-07-26,155.9199981689453,647,0.0,155.9199981689453
648,2022-07-27,156.08999633789062,648,0.0,156.08999633789062
649,2022-07-28,159.08999633789062,649,0.0,159.08999633789062
650,2022-07-29,159.30999755859375,650,0.0,159.30999755859375
651,2022-08-01,169.07000732421875,651,0.0,169.07000732421875
652,2022-08-02,163.27999877929688,652,0.0,163.27999877929688
653,2022-08-03,166.63999938964844,653,0.0,166.63999938964844
654,2022-08-04,166.5,654,0.0,166.5
655,2022-08-05,165.0399932861328,655,0.0,165.0399932861328
656,2022-08-08,165.88999938964844,656,0.0,165.88999938964844
657,2022-08-09,164.85000610351562,657,0.0,164.85000610351562
658,2022-08-10,169.02000427246094,658,0.0,169.02000427246094
659,2022-08-11,167.8800048828125,659,0.0,167.8800048828125
660,2022-08-12,169.99000549316406,660,0.0,169.99000549316406
661,2022-08-15,170.47000122070312,661,0.0,170.47000122070312
662,2022-08-16,172.0800018310547,662,0.0,172.0800018310547
663,2022-08-17,167.1999969482422,663,0.0,167.1999969482422
664,2022-08-18,168.69000244140625,664,0.0,168.69000244140625
665,2022-08-19,162.9199981689453,665,0.0,162.9199981689453
666,2022-08-22,158.97999572753906,666,0.0,158.97999572753906
667,2022-08-23,160.07000732421875,667,0.0,160.07000732421875
668,2022-08-24,163.60000610351562,668,0.0,163.60000610351562
669,2022-08-25,169.3800048828125,669,0.0,169.3800048828125
670,2022-08-26,164.52999877929688,670,0.0,164.52999877929688
671,2022-08-29,165.4199981689453,671,0.0,165.4199981689453
672,2022-08-30,162.2100067138672,672,0.0,162.2100067138672
673,2022-08-31,160.25,673,0.0,160.25
674,2022-09-01,153.66000366210938,674,0.0,153.66000366210938
675,2022-09-02,151.82000732421875,675,0.0,151.82000732421875
676,2022-09-06,152.38999938964844,676,0.0,152.38999938964844
677,2022-09-07,155.9499969482422,677,0.0,155.9499969482422
678,2022-09-08,157.7899932861328,678,0.0,157.7899932861328
679,2022-09-09,157.52000427246094,679,0.0,157.52000427246094
680,2022-09-12,158.72000122070312,680,0.0,158.72000122070312
681,2022-09-13,147.30999755859375,681,0.0,147.30999755859375
682,2022-09-14,149.25999450683594,682,0.0,149.25999450683594
683,2022-09-15,149.77999877929688,683,0.0,149.77999877929688
684,2022-09-16,144.2899932861328,684,0.0,144.2899932861328
685,2022-09-19,144.8800048828125,685,0.0,144.8800048828125
686,2022-09-20,145.94000244140625,686,0.0,145.94000244140625
687,2022-09-21,143.2899932861328,687,0.0,143.2899932861328
688,2022-09-22,138.7100067138672,688,0.0,138.7100067138672
689,2022-09-23,131.25999450683594,689,0.0,131.25999450683594
690,2022-09-26,127.33999633789062,690,0.0,127.33999633789062
691,2022-09-27,127.51000213623047,691,0.0,127.51000213623047
692,2022-09-28,133.44000244140625,692,0.0,133.44000244140625
693,2022-09-29,125.33000183105469,693,0.0,125.33000183105469
694,2022-09-30,121.08000183105469,694,0.0,121.08000183105469
695,2022-10-03,126.05000305175781,695,0.0,126.05000305175781
696,2022-10-04,133.50999450683594,696,0.0,133.50999450683594
697,2022-10-05,132.11000061035156,697,0.0,132.11000061035156
698,2022-10-06,132.1999969482422,698,0.0,132.1999969482422
699,2022-10-07,129.7899932861328,699,0.0,129.7899932861328
700,2022-10-10,131.89999389648438,700,0.0,131.89999389648438
701,2022-10-11,131.57000732421875,701,0.0,131.57000732421875
702,2022-10-12,130.4199981689453,702,0.0,130.4199981689453
703,2022-10-13,132.39999389648438,703,0.0,132.39999389648438
704,2022-10-14,133.14999389648438,704,0.0,133.14999389648438
705,2022-10-17,136.08999633789062,705,0.0,136.08999633789062
706,2022-10-18,137.33999633789062,706,0.0,137.33999633789062
707,2022-10-19,138.38999938964844,707,0.0,138.38999938964844
708,2022-10-20,139.1300048828125,708,0.0,139.1300048828125
709,2022-10-21,141.32000732421875,709,0.0,141.32000732421875
710,2022-10-24,142.0500030517578,710,0.0,142.0500030517578
711,2022-10-25,146.64999389648438,711,0.0,146.64999389648438
712,2022-10-26,133.7899932861328,712,0.0,133.7899932861328
713,2022-10-27,139.75999450683594,713,0.0,139.75999450683594
714,2022-10-28,143.83999633789062,714,0.0,143.83999633789062
715,2022-10-31,142.50999450683594,715,0.0,142.50999450683594
716,2022-11-01,143.3800048828125,716,0.0,143.3800048828125
717,2022-11-02,147.41000366210938,717,0.0,147.41000366210938
718,2022-11-03,156.75,718,0.0,156.75
719,2022-11-04,160.00999450683594,719,0.0,160.00999450683594
720,2022-11-07,164.91000366210938,720,0.0,164.91000366210938
721,2022-11-08,169.6199951171875,721,0.0,169.6199951171875
722,2022-11-09,168.74000549316406,722,0.0,168.74000549316406
723,2022-11-10,177.5800018310547,723,0.0,177.5800018310547
724,2022-11-11,177.49000549316406,724,0.0,177.49000549316406
725,2022-11-14,173.5500030517578,725,0.0,173.5500030517578
726,2022-11-15,175.35000610351562,726,0.0,175.35000610351562
727,2022-11-16,172.69000244140625,727,0.0,172.69000244140625
728,2022-11-17,172.77999877929688,728,0.0,172.77999877929688
729,2022-11-18,173.88999938964844,729,0.0,173.88999938964844
730,2022-11-21,172.94000244140625,730,0.0,172.94000244140625
731,2022-11-22,172.5,731,0.0,172.5
732,2022-11-23,174.85000610351562,732,0.0,174.85000610351562
733,2022-11-25,178.36000061035156,733,0.0,178.36000061035156
734,2022-11-28,171.8300018310547,734,0.0,171.8300018310547
735,2022-11-29,175.32000732421875,735,0.0,175.32000732421875
736,2022-11-30,178.8800048828125,736,0.0,178.8800048828125
737,2022-12-01,175.77999877929688,737,0.0,175.77999877929688
738,2022-12-02,182.8699951171875,738,0.0,182.8699951171875
739,2022-12-05,185.10000610351562,739,0.0,185.10000610351562
740,2022-12-06,178.42999267578125,740,0.0,178.42999267578125
741,2022-12-07,176.5,741,0.0,176.5
742,2022-12-08,179.0800018310547,742,0.0,179.0800018310547
743,2022-12-09,179.5399932861328,743,0.0,179.5399932861328
744,2022-12-12,186.27000427246094,744,0.0,186.27000427246094
745,2022-12-13,187.1300048828125,745,0.0,187.1300048828125
746,2022-12-14,188.25,746,0.0,188.25
747,2022-12-15,183.72000122070312,747,0.0,183.72000122070312
748,2022-12-16,184.6999969482422,748,0.0,184.6999969482422
749,2022-12-19,185.67999267578125,749,0.0,185.67999267578125
750,2022-12-20,188.2899932861328,750,0.0,188.2899932861328
751,2022-12-21,196.0,751,0.0,196.0
752,2022-12-22,188.25,752,0.0,188.25
753,2022-12-23,189.05999755859375,753,0.0,189.05999755859375
754,2022-12-27,189.39999389648438,754,0.0,189.39999389648438
755,2022-12-28,188.3800048828125,755,0.0,188.3800048828125
756,2022-12-29,188.91000366210938,756,0.0,188.91000366210938
757,2022-12-30,190.49000549316406,757,0.0,190.49000549316406
758,2023-01-03,195.38999938964844,758,0.0,195.38999938964844
759,2023-01-04,203.63999938964844,759,0.0,203.63999938964844
760,2023-01-05,204.99000549316406,760,0.0,204.99000549316406
761,2023-01-06,213.0,761,0.0,213.0
762,2023-01-09,208.57000732421875,762,0.0,208.57000732421875
763,2023-01-10,206.69000244140625,763,0.0,206.69000244140625
764,2023-01-11,208.02999877929688,764,0.0,208.02999877929688
765,2023-01-12,214.32000732421875,765,0.0,214.32000732421875
766,2023-01-13,214.1300048828125,766,0.0,214.1300048828125
767,2023-01-17,211.41000366210938,767,0.0,211.41000366210938
768,2023-01-18,209.41000366210938,768,0.0,209.41000366210938
769,2023-01-19,207.08999633789062,769,0.0,207.08999633789062
770,2023-01-20,206.75999450683594,770,0.0,206.75999450683594
771,2023-01-23,209.97000122070312,771,0.0,209.97000122070312
772,2023-01-24,211.97999572753906,772,0.0,211.97999572753906
773,2023-01-25,212.67999267578125,773,0.0,212.67999267578125
774,2023-01-26,212.72999572753906,774,0.0,212.72999572753906
775,2023-01-27,211.1699981689453,775,0.0,211.1699981689453
776,2023-01-30,209.6699981689453,776,0.0,209.6699981689453
777,2023-01-31,213.0,777,0.0,213.0
778,2023-02-01,214.75,778,0.0,214.75
779,2023-02-02,209.33999633789062,779,0.0,209.33999633789062
780,2023-02-03,206.00999450683594,780,0.0,206.00999450683594
781,2023-02-06,206.80999755859375,781,0.0,206.80999755859375
782,2023-02-07,214.75999450683594,782,0.0,214.75999450683594
783,2023-02-08,213.5,783,0.0,213.5
784,2023-02-09,211.99000549316406,784,0.0,211.99000549316406
785,2023-02-10,212.88999938964844,785,0.0,212.88999938964844
786,2023-02-13,215.64999389648438,786,0.0,215.64999389648438
787,2023-02-14,218.4499969482422,787,0.0,218.4499969482422
788,2023-02-15,217.44000244140625,788,0.0,217.44000244140625
789,2023-02-16,212.2100067138672,789,0.0,212.2100067138672
790,2023-02-17,211.66000366210938,790,0.0,211.66000366210938
791,2023-02-21,205.52000427246094,791,0.0,205.52000427246094
792,2023-02-22,205.75999450683594,792,0.0,205.75999450683594
793,2023-02-23,208.1300048828125,793,0.0,208.1300048828125
794,2023-02-24,198.14999389648438,794,0.0,198.14999389648438
795,2023-02-27,200.4600067138672,795,0.0,200.4600067138672
796,2023-02-28,201.5500030517578,796,0.0,201.5500030517578
797,2023-03-01,204.5500030517578,797,0.0,204.5500030517578
798,2023-03-02,210.05999755859375,798,0.0,210.05999755859375
799,2023-03-03,215.11000061035156,799,0.0,215.11000061035156
800,2023-03-06,211.9199981689453,800,0.0,211.9199981689453
801,2023-03-07,207.9199981689453,801,0.0,207.9199981689453
802,2023-03-08,207.1999969482422,802,0.0,207.1999969482422
803,2023-03-09,201.24000549316406,803,0.0,201.24000549316406
804,2023-03-10,203.07000732421875,804,0.0,203.07000732421875
805,2023-03-13,203.3699951171875,805,0.0,203.3699951171875
806,2023-03-14,207.27999877929688,806,0.0,207.27999877929688
807,2023-03-15,198.2100067138672,807,0.0,198.2100067138672
808,2023-03-16,203.19000244140625,808,0.0,203.19000244140625
809,2023-03-17,201.0500030517578,809,0.0,201.0500030517578
810,2023-03-20,204.77000427246094,810,0.0,204.77000427246094
811,2023-03-21,204.6999969482422,811,0.0,204.6999969482422
812,2023-03-22,196.16000366210938,812,0.0,196.16000366210938
813,2023-03-23,197.89999389648438,813,0.0,197.89999389648438
814,2023-03-24,197.52999877929688,814,0.0,197.52999877929688
815,2023-03-27,200.57000732421875,815,0.0,200.57000732421875
816,2023-03-28,204.9600067138672,816,0.0,204.9600067138672
817,2023-03-29,207.97000122070312,817,0.0,207.97000122070312
818,2023-03-30,211.0399932861328,818,0.0,211.0399932861328
819,2023-03-31,212.42999267578125,819,0.0,212.42999267578125
820,2023-04-03,215.38999938964844,820,0.0,215.38999938964844
821,2023-04-04,213.89999389648438,821,0.0,213.89999389648438
822,2023-04-05,210.0,822,0.0,210.0
823,2023-04-06,211.3699951171875,823,0.0,211.3699951171875
824,2023-04-10,210.77999877929688,824,0.0,210.77999877929688
825,2023-04-11,212.32000732421875,825,0.0,212.32000732421875
826,2023-04-12,212.33999633789062,826,0.0,212.33999633789062
827,2023-04-13,213.58999633789062,827,0.0,213.58999633789062
828,2023-04-14,201.7100067138672,828,0.0,201.7100067138672
829,2023-04-17,205.02999877929688,829,0.0,205.02999877929688
830,2023-04-18,208.3699951171875,830,0.0,208.3699951171875
831,2023-04-19,208.7100067138672,831,0.0,208.7100067138672
832,2023-04-20,207.22999572753906,832,0.0,207.22999572753906
833,2023-04-21,205.14999389648438,833,0.0,205.14999389648438
834,2023-04-24,205.77000427246094,834,0.0,205.77000427246094
835,2023-04-25,202.19000244140625,835,0.0,202.19000244140625
836,2023-04-26,203.02999877929688,836,0.0,203.02999877929688
837,2023-04-27,206.0399932861328,837,0.0,206.0399932861328
838,2023-04-28,206.77999877929688,838,0.0,206.77999877929688
839,2023-05-01,203.8699951171875,839,0.0,203.8699951171875
840,2023-05-02,203.25,840,0.0,203.25
841,2023-05-03,200.92999267578125,841,0.0,200.92999267578125
842,2023-05-04,197.0500030517578,842,0.0,197.0500030517578
843,2023-05-05,198.33999633789062,843,0.0,198.33999633789062
844,2023-05-08,197.25999450683594,844,0.0,197.25999450683594
845,2023-05-09,201.8800048828125,845,0.0,201.8800048828125
846,2023-05-10,200.83999633789062,846,0.0,200.83999633789062
847,2023-05-11,201.83999633789062,847,0.0,201.83999633789062
848,2023-05-12,200.6999969482422,848,0.0,200.6999969482422
849,2023-05-15,202.77000427246094,849,0.0,202.77000427246094
850,2023-05-16,200.8699951171875,850,0.0,200.8699951171875
851,2023-05-17,206.8699951171875,851,0.0,206.8699951171875
852,2023-05-18,207.24000549316406,852,0.0,207.24000549316406
853,2023-05-19,205.49000549316406,853,0.0,205.49000549316406
854,2023-05-22,205.91000366210938,854,0.0,205.91000366210938
855,2023-05-23,202.60000610351562,855,0.0,202.60000610351562
856,2023-05-24,199.27000427246094,856,0.0,199.27000427246094
857,2023-05-25,200.8699951171875,857,0.0,200.8699951171875
858,2023-05-26,203.6300048828125,858,0.0,203.6300048828125
859,2023-05-30,204.69000244140625,859,0.0,204.69000244140625
860,2023-05-31,205.6999969482422,860,0.0,205.6999969482422
861,2023-06-01,207.9600067138672,861,0.0,207.9600067138672
862,2023-06-02,213.32000732421875,862,0.0,213.32000732421875
863,2023-06-05,208.77999877929688,863,0.0,208.77999877929688
864,2023-06-06,207.2899932861328,864,0.0,207.2899932861328
865,2023-06-07,211.92999267578125,865,0.0,211.92999267578125
866,2023-06-08,218.11000061035156,866,0.0,218.11000061035156
867,2023-06-09,217.30999755859375,867,0.0,217.30999755859375
868,2023-06-12,221.55999755859375,868,0.0,221.55999755859375
869,2023-06-13,220.3800048828125,869,0.0,220.3800048828125
870,2023-06-14,216.89999389648438,870,0.0,216.89999389648438
871,2023-06-15,219.41000366210938,871,0.0,219.41000366210938
872,2023-06-16,219.99000549316406,872,0.0,219.99000549316406
873,2023-06-20,212.3699951171875,873,0.0,212.3699951171875
874,2023-06-21,212.0800018310547,874,0.0,212.0800018310547
875,2023-06-22,205.61000061035156,875,0.0,205.61000061035156
876,2023-06-23,205.41000366210938,876,0.0,205.41000366210938
877,2023-06-26,205.5800018310547,877,0.0,205.5800018310547
878,2023-06-27,209.42999267578125,878,0.0,209.42999267578125
879,2023-06-28,210.72000122070312,879,0.0,210.72000122070312
880,2023-06-29,211.8300018310547,880,0.0,211.8300018310547
881,2023-06-30,211.16000366210938,881,0.0,211.16000366210938
882,2023-07-03,210.9199981689453,882,0.0,210.9199981689453
883,2023-07-05,213.30999755859375,883,0.0,213.30999755859375
884,2023-07-06,212.6199951171875,884,0.0,212.6199951171875
885,2023-07-07,212.10000610351562,885,0.0,212.10000610351562
886,2023-07-10,213.30999755859375,886,0.0,213.30999755859375
887,2023-07-11,218.75999450683594,887,0.0,218.75999450683594
888,2023-07-12,217.11000061035156,888,0.0,217.11000061035156
889,2023-07-13,216.85000610351562,889,0.0,216.85000610351562
890,2023-07-14,213.1199951171875,890,0.0,213.1199951171875
891,2023-07-17,211.8699951171875,891,0.0,211.8699951171875
892,2023-07-18,211.57000732421875,892,0.0,211.57000732421875
893,2023-07-19,208.60000610351562,893,0.0,208.60000610351562
894,2023-07-20,213.61000061035156,894,0.0,213.61000061035156
895,2023-07-21,211.8000030517578,895,0.0,211.8000030517578
896,2023-07-24,215.8699951171875,896,0.0,215.8699951171875
897,2023-07-25,214.1199951171875,897,0.0,214.1199951171875
898,2023-07-26,232.8000030517578,898,0.0,232.8000030517578
899,2023-07-27,233.75,899,0.0,233.75
900,2023-07-28,238.69000244140625,900,0.0,238.69000244140625
901,2023-07-31,238.85000610351562,901,0.0,238.85000610351562
902,2023-08-01,238.00999450683594,902,0.0,238.00999450683594
903,2023-08-02,231.3800048828125,903,0.0,231.3800048828125
904,2023-08-03,231.36000061035156,904,0.0,231.36000061035156
905,2023-08-04,231.36000061035156,905,0.0,231.36000061035156
906,2023-08-07,238.25,906,0.0,238.25
907,2023-08-08,238.0399932861328,907,0.0,238.0399932861328
908,2023-08-09,237.86000061035156,908,0.0,237.86000061035156
909,2023-08-10,238.25999450683594,909,0.0,238.25999450683594
910,2023-08-11,235.72000122070312,910,0.0,235.72000122070312
911,2023-08-14,236.7100067138672,911,0.0,236.7100067138672
912,2023-08-15,232.25999450683594,912,0.0,232.25999450683594
913,2023-08-16,229.9499969482422,913,0.0,229.9499969482422
914,2023-08-17,224.5399932861328,914,0.0,224.5399932861328
915,2023-08-18,226.64999389648438,915,0.0,226.64999389648438
916,2023-08-21,227.22000122070312,916,0.0,227.22000122070312
917,2023-08-22,230.07000732421875,917,0.0,230.07000732421875
918,2023-08-23,228.5800018310547,918,0.0,228.5800018310547
919,2023-08-24,217.30999755859375,919,0.0,217.30999755859375
920,2023-08-25,223.41000366210938,920,0.0,223.41000366210938
921,2023-08-28,227.05999755859375,921,0.0,227.05999755859375
922,2023-08-29,227.25,922,0.0,227.25
923,2023-08-30,228.85000610351562,923,0.0,228.85000610351562
924,2023-08-31,224.02999877929688,924,0.0,224.02999877929688
925,2023-09-01,223.39999389648438,925,0.0,223.39999389648438
926,2023-09-05,222.57000732421875,926,0.0,222.57000732421875
927,2023-09-06,217.9499969482422,927,0.0,217.9499969482422
928,2023-09-07,216.0500030517578,928,0.0,216.0500030517578
929,2023-09-08,211.27000427246094,929,0.0,211.27000427246094
930,2023-09-11,211.00999450683594,930,0.0,211.00999450683594
931,2023-09-12,210.64999389648438,931,0.0,210.64999389648438
932,2023-09-13,208.39999389648438,932,0.0,208.39999389648438
933,2023-09-14,209.0500030517578,933,0.0,209.0500030517578
934,2023-09-15,208.11000061035156,934,0.0,208.11000061035156
935,2023-09-18,205.1199951171875,935,0.0,205.1199951171875
936,2023-09-19,204.47999572753906,936,0.0,204.47999572753906
937,2023-09-20,202.3699951171875,937,0.0,202.3699951171875
938,2023-09-21,199.9499969482422,938,0.0,199.9499969482422
939,2023-09-22,197.7100067138672,939,0.0,197.7100067138672
940,2023-09-25,198.77999877929688,940,0.0,198.77999877929688
941,2023-09-26,195.63999938964844,941,0.0,195.63999938964844
942,2023-09-27,195.4600067138672,942,0.0,195.4600067138672
943,2023-09-28,190.42999267578125,943,0.0,190.42999267578125
944,2023-09-29,191.67999267578125,944,0.0,191.67999267578125
945,2023-10-02,187.8300018310547,945,0.0,187.8300018310547
946,2023-10-03,188.9199981689453,946,0.0,188.9199981689453
947,2023-10-04,186.72999572753906,947,0.0,186.72999572753906
948,2023-10-05,186.2899932861328,948,0.0,186.2899932861328
949,2023-10-06,187.3800048828125,949,0.0,187.3800048828125
950,2023-10-09,188.49000549316406,950,0.0,188.49000549316406
951,2023-10-10,193.52999877929688,951,0.0,193.52999877929688
952,2023-10-11,196.07000732421875,952,0.0,196.07000732421875
953,2023-10-12,191.3000030517578,953,0.0,191.3000030517578
954,2023-10-13,184.91000366210938,954,0.0,184.91000366210938
955,2023-10-16,184.92999267578125,955,0.0,184.92999267578125
956,2023-10-17,185.60000610351562,956,0.0,185.60000610351562
957,2023-10-18,185.69000244140625,957,0.0,185.69000244140625
958,2023-10-19,182.7899932861328,958,0.0,182.7899932861328
959,2023-10-20,180.0399932861328,959,0.0,180.0399932861328
960,2023-10-23,181.02999877929688,960,0.0,181.02999877929688
961,2023-10-24,182.36000061035156,961,0.0,182.36000061035156
962,2023-10-25,177.72999572753906,962,0.0,177.72999572753906
963,2023-10-26,179.08999633789062,963,0.0,179.08999633789062
964,2023-10-27,179.69000244140625,964,0.0,179.69000244140625
965,2023-10-30,182.35000610351562,965,0.0,182.35000610351562
966,2023-10-31,186.82000732421875,966,0.0,186.82000732421875
967,2023-11-01,189.3800048828125,967,0.0,189.3800048828125
968,2023-11-02,192.00999450683594,968,0.0,192.00999450683594
969,2023-11-03,195.0500030517578,969,0.0,195.0500030517578
970,2023-11-06,192.9499969482422,970,0.0,192.9499969482422
971,2023-11-07,191.41000366210938,971,0.0,191.41000366210938
972,2023-11-08,191.8300018310547,972,0.0,191.8300018310547
973,2023-11-09,193.3300018310547,973,0.0,193.3300018310547
974,2023-11-10,196.64999389648438,974,0.0,196.64999389648438
975,2023-11-13,204.5399932861328,975,0.0,204.5399932861328
976,2023-11-14,207.47000122070312,976,0.0,207.47000122070312
977,2023-11-15,208.7100067138672,977,0.0,208.7100067138672
978,2023-11-16,206.60000610351562,978,0.0,206.60000610351562
979,2023-11-17,208.0399932861328,979,0.0,208.0399932861328
980,2023-11-20,217.7100067138672,980,0.0,217.7100067138672
981,2023-11-21,218.27000427246094,981,0.0,218.27000427246094
982,2023-11-22,219.91000366210938,982,0.0,219.91000366210938
983,2023-11-24,220.0,983,0.0,220.0
984,2023-11-27,219.3000030517578,984,0.0,219.3000030517578
985,2023-11-28,222.3699951171875,985,0.0,222.3699951171875
986,2023-11-29,224.42999267578125,986,0.0,224.42999267578125
987,2023-11-30,231.6300048828125,987,0.0,231.6300048828125
988,2023-12-01,233.8699951171875,988,0.0,233.8699951171875
989,2023-12-04,234.8699951171875,989,0.0,234.8699951171875
990,2023-12-05,234.16000366210938,990,0.0,234.16000366210938
991,2023-12-06,236.88999938964844,991,0.0,236.88999938964844
992,2023-12-07,237.3300018310547,992,0.0,237.3300018310547
993,2023-12-08,244.6999969482422,993,0.0,244.6999969482422
994,2023-12-11,248.0800018310547,994,0.0,248.0800018310547
995,2023-12-12,248.6300048828125,995,0.0,248.6300048828125
996,2023-12-13,250.91000366210938,996,0.0,250.91000366210938
997,2023-12-14,256.239990234375,997,0.0,256.239990234375
998,2023-12-15,264.2699890136719,998,0.0,264.2699890136719
999,2023-12-18,260.4100036621094,999,0.0,260.4100036621094
1000,2023-12-19,263.510009765625,1000,0.0,263.510009765625
1001,2023-12-20,260.25,1001,0.0,260.25
1002,2023-12-21,262.0199890136719,1002,0.0,262.0199890136719
1003,2023-12-22,260.44000244140625,1003,0.0,260.44000244140625
1004,2023-12-26,262.7900085449219,1004,0.0,262.7900085449219
1005,2023-12-27,262.1000061035156,1005,0.0,262.1000061035156
1006,2023-12-28,260.3500061035156,1006,0.0,260.3500061035156
1007,2023-12-29,260.6600036621094,1007,0.0,260.6600036621094
1008,2024-01-02,251.75999450683594,1008,0.0,251.75999450683594
1009,2024-01-03,243.91000366210938,1009,0.0,243.91000366210938
1010,2024-01-04,244.94000244140625,1010,0.0,244.94000244140625
1011,2024-01-05,249.0,1011,0.0,249.0
1012,2024-01-08,229.0,1012,0.0,229.0
1013,2024-01-09,225.75999450683594,1013,0.0,225.75999450683594
1014,2024-01-10,227.83999633789062,1014,0.0,227.83999633789062
1015,2024-01-11,222.66000366210938,1015,0.0,222.66000366210938
1016,2024-01-12,217.6999969482422,1016,0.0,217.6999969482422
1017,2024-01-16,200.52000427246094,1017,0.0,200.52000427246094
1018,2024-01-17,203.05999755859375,1018,0.0,203.05999755859375
1019,2024-01-18,211.61000061035156,1019,0.0,211.61000061035156
1020,2024-01-19,215.02000427246094,1020,0.0,215.02000427246094
1021,2024-01-22,214.92999267578125,1021,0.0,214.92999267578125
1022,2024-01-23,211.5,1022,0.0,211.5
1023,2024-01-24,214.1300048828125,1023,0.0,214.1300048828125
1024,2024-01-25,201.8800048828125,1024,0.0,201.8800048828125
1025,2024-01-26,205.47000122070312,1025,0.0,205.47000122070312
1026,2024-01-29,205.19000244140625,1026,0.0,205.19000244140625
1027,2024-01-30,200.44000244140625,1027,0.0,200.44000244140625
1028,2024-01-31,211.0399932861328,1028,0.0,211.0399932861328
1029,2024-02-01,209.80999755859375,1029,0.0,209.80999755859375
1030,2024-02-02,209.3800048828125,1030,0.0,209.3800048828125
1031,2024-02-05,206.6300048828125,1031,0.0,206.6300048828125
1032,2024-02-06,208.5800018310547,1032,0.0,208.5800018310547
1033,2024-02-07,211.9199981689453,1033,0.0,211.9199981689453
1034,2024-02-08,209.22000122070312,1034,0.0,209.22000122070312
1035,2024-02-09,209.1999969482422,1035,0.0,209.1999969482422
1036,2024-02-12,209.3300018310547,1036,0.0,209.3300018310547
1037,2024-02-13,204.4600067138672,1037,0.0,204.4600067138672
1038,2024-02-14,203.3800048828125,1038,0.0,203.3800048828125
1039,2024-02-15,205.3300018310547,1039,0.0,205.3300018310547
1040,2024-02-16,203.88999938964844,1040,0.0,203.88999938964844
1041,2024-02-20,203.3699951171875,1041,0.0,203.3699951171875
1042,2024-02-21,201.57000732421875,1042,0.0,201.57000732421875
1043,2024-02-22,201.5,1043,0.0,201.5
1044,2024-02-23,200.8300018310547,1044,0.0,200.8300018310547
1045,2024-02-26,200.5399932861328,1045,0.0,200.5399932861328
1046,2024-02-27,201.39999389648438,1046,0.0,201.39999389648438
1047,2024-02-28,207.0,1047,0.0,207.0
1048,2024-02-29,203.72000122070312,1048,0.0,203.72000122070312
1049,2024-03-01,200.0,1049,0.0,200.0
1050,2024-03-04,200.5399932861328,1050,0.0,200.5399932861328
1051,2024-03-05,201.13999938964844,1051,0.0,201.13999938964844
1052,2024-03-06,201.0,1052,0.0,201.0
1053,2024-03-07,203.02999877929688,1053,0.0,203.02999877929688
1054,2024-03-08,198.49000549316406,1054,0.0,198.49000549316406
1055,2024-03-11,192.49000549316406,1055,0.0,192.49000549316406
1056,2024-03-12,184.24000549316406,1056,0.0,184.24000549316406
1057,2024-03-13,182.35000610351562,1057,0.0,182.35000610351562
1058,2024-03-14,181.14999389648438,1058,0.0,181.14999389648438
1059,2024-03-15,182.52999877929688,1059,0.0,182.52999877929688
1060,2024-03-18,179.83999633789062,1060,0.0,179.83999633789062
1061,2024-03-19,181.13999938964844,1061,0.0,181.13999938964844
1062,2024-03-20,187.77999877929688,1062,0.0,187.77999877929688
1063,2024-03-21,187.6999969482422,1063,0.0,187.6999969482422
1064,2024-03-22,188.85000610351562,1064,0.0,188.85000610351562
1065,2024-03-25,191.41000366210938,1065,0.0,191.41000366210938
1066,2024-03-26,187.5,1066,0.0,187.5
1067,2024-03-27,191.9499969482422,1067,0.0,191.9499969482422
1068,2024-03-28,192.99000549316406,1068,0.0,192.99000549316406
1069,2024-04-01,189.5,1069,0.0,189.5
1070,2024-04-02,188.0399932861328,1070,0.0,188.0399932861328
1071,2024-04-03,184.9199981689453,1071,0.0,184.9199981689453
1072,2024-04-04,183.2899932861328,1072,0.0,183.2899932861328
1073,2024-04-05,183.13999938964844,1073,0.0,183.13999938964844
1074,2024-04-08,181.55999755859375,1074,0.0,181.55999755859375
1075,2024-04-09,178.1199951171875,1075,0.0,178.1199951171875
1076,2024-04-10,174.6300048828125,1076,0.0,174.6300048828125
1077,2024-04-11,173.36000061035156,1077,0.0,173.36000061035156
1078,2024-04-12,169.5500030517578,1078,0.0,169.5500030517578
1079,2024-04-15,167.82000732421875,1079,0.0,167.82000732421875
1080,2024-04-16,170.5500030517578,1080,0.0,170.5500030517578
1081,2024-04-17,170.2100067138672,1081,0.0,170.2100067138672
1082,2024-04-18,170.22999572753906,1082,0.0,170.22999572753906
1083,2024-04-19,169.82000732421875,1083,0.0,169.82000732421875
1084,2024-04-22,170.47999572753906,1084,0.0,170.47999572753906
1085,2024-04-23,169.17999267578125,1085,0.0,169.17999267578125
1086,2024-04-24,164.3300018310547,1086,0.0,164.3300018310547
1087,2024-04-25,166.80999755859375,1087,0.0,166.80999755859375
1088,2024-04-26,167.22000122070312,1088,0.0,167.22000122070312
1089,2024-04-29,173.49000549316406,1089,0.0,173.49000549316406
1090,2024-04-30,167.83999633789062,1090,0.0,167.83999633789062
1091,2024-05-01,171.4600067138672,1091,0.0,171.4600067138672
1092,2024-05-02,178.85000610351562,1092,0.0,178.85000610351562
1093,2024-05-03,179.7899932861328,1093,0.0,179.7899932861328
1094,2024-05-06,178.35000610351562,1094,0.0,178.35000610351562
1095,2024-05-07,176.7100067138672,1095,0.0,176.7100067138672
1096,2024-05-08,180.35000610351562,1096,0.0,180.35000610351562
1097,2024-05-09,181.25,1097,0.0,181.25
1098,2024-05-10,178.50999450683594,1098,0.0,178.50999450683594
1099,2024-05-13,178.44000244140625,1099,0.0,178.44000244140625
1100,2024-05-14,180.75999450683594,1100,0.0,180.75999450683594
1101,2024-05-15,176.99000549316406,1101,0.0,176.99000549316406
1102,2024-05-16,182.9600067138672,1102,0.0,182.9600067138672
1103,2024-05-17,184.9499969482422,1103,0.0,184.9499969482422
1104,2024-05-20,186.61000061035156,1104,0.0,186.61000061035156
1105,2024-05-21,184.77999877929688,1105,0.0,184.77999877929688
1106,2024-05-22,186.27999877929688,1106,0.0,186.27999877929688
1107,2024-05-23,172.2100067138672,1107,0.0,172.2100067138672
1108,2024-05-24,174.52000427246094,1108,0.0,174.52000427246094
1109,2024-05-28,175.0800018310547,1109,0.0,175.0800018310547
1110,2024-05-29,171.64999389648438,1110,0.0,171.64999389648438
1111,2024-05-30,172.75,1111,0.0,172.75
1112,2024-05-31,177.61000061035156,1112,0.0,177.61000061035156
1113,2024-06-03,184.57000732421875,1113,0.0,184.57000732421875
1114,2024-06-04,188.6199951171875,1114,0.0,188.6199951171875
1115,2024-06-05,189.85000610351562,1115,0.0,189.85000610351562
1116,2024-06-06,191.4199981689453,1116,0.0,191.4199981689453
1117,2024-06-07,190.24000549316406,1117,0.0,190.24000549316406
1118,2024-06-10,190.1199951171875,1118,0.0,190.1199951171875
1119,2024-06-11,185.5,1119,0.0,185.5
1120,2024-06-12,182.6699981689453,1120,0.0,182.6699981689453
1121,2024-06-13,180.6999969482422,1121,0.0,180.6999969482422
1122,2024-06-14,177.27000427246094,1122,0.0,177.27000427246094
1123,2024-06-17,178.38999938964844,1123,0.0,178.38999938964844
1124,2024-06-18,174.99000549316406,1124,0.0,174.99000549316406
1125,2024-06-20,176.3000030517578,1125,0.0,176.3000030517578
1126,2024-06-21,176.55999755859375,1126,0.0,176.55999755859375
1127,2024-06-24,179.10000610351562,1127,0.0,179.10000610351562
1128,2024-06-25,175.10000610351562,1128,0.0,175.10000610351562
1129,2024-06-26,178.5,1129,0.0,178.5
1130,2024-06-27,182.50999450683594,1130,0.0,182.50999450683594
1131,2024-06-28,182.00999450683594,1131,0.0,182.00999450683594
1132,2024-07-01,186.6999969482422,1132,0.0,186.6999969482422
1133,2024-07-02,185.4199981689453,1133,0.0,185.4199981689453
1134,2024-07-03,184.30999755859375,1134,0.0,184.30999755859375
1135,2024-07-05,184.8300018310547,1135,0.0,184.8300018310547
1136,2024-07-08,185.83999633789062,1136,0.0,185.83999633789062
1137,2024-07-09,183.24000549316406,1137,0.0,183.24000549316406
1138,2024-07-10,183.72999572753906,1138,0.0,183.72999572753906
1139,2024-07-11,183.91000366210938,1139,0.0,183.91000366210938
1140,2024-07-12,182.30999755859375,1140,0.0,182.30999755859375
1141,2024-07-15,179.11000061035156,1141,0.0,179.11000061035156
1142,2024-07-16,186.0500030517578,1142,0.0,186.0500030517578
1143,2024-07-17,184.83999633789062,1143,0.0,184.83999633789062
1144,2024-07-18,180.22999572753906,1144,0.0,180.22999572753906
1145,2024-07-19,179.6699981689453,1145,0.0,179.6699981689453
1146,2024-07-22,178.89999389648438,1146,0.0,178.89999389648438
1147,2024-07-23,186.47999572753906,1147,0.0,186.47999572753906
1148,2024-07-24,180.07000732421875,1148,0.0,180.07000732421875
1149,2024-07-25,184.35000610351562,1149,0.0,184.35000610351562
1150,2024-07-26,186.88999938964844,1150,0.0,186.88999938964844
1151,2024-07-29,185.42999267578125,1151,0.0,185.42999267578125
1152,2024-07-30,186.86000061035156,1152,0.0,186.86000061035156
1153,2024-07-31,190.60000610351562,1153,0.0,190.60000610351562
1154,2024-08-01,178.30999755859375,1154,0.0,178.30999755859375
1155,2024-08-02,169.9499969482422,1155,0.0,169.9499969482422
1156,2024-08-05,167.02999877929688,1156,0.0,167.02999877929688
1157,2024-08-06,165.0399932861328,1157,0.0,165.0399932861328
1158,2024-08-07,163.24000549316406,1158,0.0,163.24000549316406
1159,2024-08-08,168.8699951171875,1159,0.0,168.8699951171875
1160,2024-08-09,167.91000366210938,1160,0.0,167.91000366210938
1161,2024-08-12,164.1300048828125,1161,0.0,164.1300048828125
1162,2024-08-13,168.75999450683594,1162,0.0,168.75999450683594
1163,2024-08-14,168.5,1163,0.0,168.5
1164,2024-08-15,176.41000366210938,1164,0.0,176.41000366210938
1165,2024-08-16,179.99000549316406,1165,0.0,179.99000549316406
1166,2024-08-19,179.63999938964844,1166,0.0,179.63999938964844
1167,2024-08-20,172.10000610351562,1167,0.0,172.10000610351562
1168,2024-08-21,173.42999267578125,1168,0.0,173.42999267578125
1169,2024-08-22,172.75999450683594,1169,0.0,172.75999450683594
1170,2024-08-23,174.9600067138672,1170,0.0,174.9600067138672
1171,2024-08-26,173.47999572753906,1171,0.0,173.47999572753906
1172,2024-08-27,173.0500030517578,1172,0.0,173.0500030517578
1173,2024-08-28,170.7100067138672,1173,0.0,170.7100067138672
1174,2024-08-29,172.25999450683594,1174,0.0,172.25999450683594
1175,2024-08-30,173.74000549316406,1175,0.0,173.74000549316406
1176,2024-09-03,161.02000427246094,1176,0.0,161.02000427246094
1177,2024-09-04,163.22000122070312,1177,0.0,163.22000122070312
1178,2024-09-05,162.14999389648438,1178,0.0,162.14999389648438
1179,2024-09-06,157.6199951171875,1179,0.0,157.6199951171875
1180,2024-09-09,162.91000366210938,1180,0.0,162.91000366210938
1181,2024-09-10,160.07000732421875,1181,0.0,160.07000732421875
1182,2024-09-11,161.3300018310547,1182,0.0,161.3300018310547
1183,2024-09-12,162.77000427246094,1183,0.0,162.77000427246094
1184,2024-09-13,156.77000427246094,1184,0.0,156.77000427246094
1185,2024-09-16,155.5500030517578,1185,0.0,155.5500030517578
1186,2024-09-17,156.38999938964844,1186,0.0,156.38999938964844
1187,2024-09-18,155.11000061035156,1187,0.0,155.11000061035156
1188,2024-09-19,154.58999633789062,1188,0.0,154.58999633789062
1189,2024-09-20,153.2899932861328,1189,0.0,153.2899932861328
1190,2024-09-23,156.3000030517578,1190,0.0,156.3000030517578
1191,2024-09-24,155.80999755859375,1191,0.0,155.80999755859375
1192,2024-09-25,152.22000122070312,1192,0.0,152.22000122070312
1193,2024-09-26,154.5800018310547,1193,0.0,154.5800018310547
1194,2024-09-27,156.32000732421875,1194,0.0,156.32000732421875
1195,2024-09-30,152.0399932861328,1195,0.0,152.0399932861328
1196,2024-10-01,154.22000122070312,1196,0.0,154.22000122070312
1197,2024-10-02,152.88999938964844,1197,0.0,152.88999938964844
1198,2024-10-03,150.52000427246094,1198,0.0,150.52000427246094
1199,2024-10-04,155.0,1199,0.0,155.0
1200,2024-10-07,155.91000366210938,1200,0.0,155.91000366210938
1201,2024-10-08,154.64999389648438,1201,0.0,154.64999389648438
1202,2024-10-09,149.3699951171875,1202,0.0,149.3699951171875
1203,2024-10-10,146.6199951171875,1203,0.0,146.6199951171875
1204,2024-10-11,151.02000427246094,1204,0.0,151.02000427246094
1205,2024-10-14,148.99000549316406,1205,0.0,148.99000549316406
1206,2024-10-15,152.35000610351562,1206,0.0,152.35000610351562
1207,2024-10-16,154.89999389648438,1207,0.0,154.89999389648438
1208,2024-10-17,155.30999755859375,1208,0.0,155.30999755859375
1209,2024-10-18,155.0,1209,0.0,155.0
1210,2024-10-21,159.82000732421875,1210,0.0,159.82000732421875
1211,2024-10-22,159.8800048828125,1211,0.0,159.8800048828125
1212,2024-10-23,157.05999755859375,1212,0.0,157.05999755859375
1213,2024-10-24,155.1999969482422,1213,0.0,155.1999969482422
1214,2024-10-25,155.00999450683594,1214,0.0,155.00999450683594
1215,2024-10-28,150.69000244140625,1215,0.0,150.69000244140625
1216,2024-10-29,152.97999572753906,1216,0.0,152.97999572753906
1217,2024-10-30,154.2899932861328,1217,0.0,154.2899932861328
1218,2024-10-31,149.30999755859375,1218,0.0,149.30999755859375
1219,2024-11-01,154.58999633789062,1219,0.0,154.58999633789062
1220,2024-11-04,155.07000732421875,1220,0.0,155.07000732421875
1221,2024-11-05,151.0,1221,0.0,151.0
1222,2024-11-06,147.16000366210938,1222,0.0,147.16000366210938
1223,2024-11-07,150.97999572753906,1223,0.0,150.97999572753906
1224,2024-11-08,151.67999267578125,1224,0.0,151.67999267578125
1225,2024-11-11,148.9600067138672,1225,0.0,148.9600067138672
1226,2024-11-12,145.1699981689453,1226,0.0,145.1699981689453
1227,2024-11-13,139.97000122070312,1227,0.0,139.97000122070312
1228,2024-11-14,138.13999938964844,1228,0.0,138.13999938964844
1229,2024-11-15,140.19000244140625,1229,0.0,140.19000244140625
1230,2024-11-18,143.8699951171875,1230,0.0,143.8699951171875
1231,2024-11-19,145.60000610351562,1231,0.0,145.60000610351562
1232,2024-11-20,146.0800018310547,1232,0.0,146.0800018310547
1233,2024-11-21,143.41000366210938,1233,0.0,143.41000366210938
1234,2024-11-22,149.2899932861328,1234,0.0,149.2899932861328
1235,2024-11-25,153.10000610351562,1235,0.0,153.10000610351562
1236,2024-11-26,150.75999450683594,1236,0.0,150.75999450683594
1237,2024-11-27,152.39999389648438,1237,0.0,152.39999389648438
1238,2024-11-29,155.44000244140625,1238,0.0,155.44000244140625
1239,2024-12-02,156.5399932861328,1239,0.0,156.5399932861328
1240,2024-12-03,155.0,1240,0.0,155.0
1241,2024-12-04,158.27999877929688,1241,0.0,158.27999877929688
1242,2024-12-05,156.6699981689453,1242,0.0,156.6699981689453
1243,2024-12-06,153.92999267578125,1243,0.0,153.92999267578125
1244,2024-12-09,157.0399932861328,1244,0.0,157.0399932861328
1245,2024-12-10,164.10000610351562,1245,0.0,164.10000610351562
1246,2024-12-11,165.9600067138672,1246,0.0,165.9600067138672
1247,2024-12-12,167.75,1247,0.0,167.75
1248,2024-12-13,169.64999389648438,1248,0.0,169.64999389648438
1249,2024-12-16,173.1699981689453,1249,0.0,173.1699981689453
1250,2024-12-17,173.02999877929688,1250,0.0,173.02999877929688
1251,2024-12-18,172.6199951171875,1251,0.0,172.6199951171875
1252,2024-12-19,177.0399932861328,1252,0.0,177.0399932861328
1253,2024-12-20,177.35000610351562,1253,0.0,177.35000610351562
1254,2024-12-23,177.69000244140625,1254,0.0,177.69000244140625
1255,2024-12-24,179.33999633789062,1255,0.0,179.33999633789062
1256,2024-12-26,180.3800048828125,1256,0.0,180.3800048828125
1257,2024-12-27,180.72000122070312,1257,0.0,180.72000122070312
